{
  "hash": "53b529c6",
  "configHash": "88b901bf",
  "lockfileHash": "9123694d",
  "browserHash": "42054210",
  "optimized": {
    "@angular/common": {
      "src": "../../../../../node_modules/@angular/common/fesm2022/common.mjs",
      "file": "@angular_common.js",
      "fileHash": "77fbd999",
      "needsInterop": false
    },
    "@angular/common/http": {
      "src": "../../../../../node_modules/@angular/common/fesm2022/http.mjs",
      "file": "@angular_common_http.js",
      "fileHash": "b78379b0",
      "needsInterop": false
    },
    "@angular/core": {
      "src": "../../../../../node_modules/@angular/core/fesm2022/core.mjs",
      "file": "@angular_core.js",
      "fileHash": "4a12416f",
      "needsInterop": false
    },
    "@angular/fire/auth": {
      "src": "../../../../../node_modules/@angular/fire/fesm2022/angular-fire-auth.mjs",
      "file": "@angular_fire_auth.js",
      "fileHash": "8e7b7e64",
      "needsInterop": false
    },
    "@angular/fire/compat": {
      "src": "../../../../../node_modules/@angular/fire/fesm2022/angular-fire-compat.mjs",
      "file": "@angular_fire_compat.js",
      "fileHash": "606435d2",
      "needsInterop": false
    },
    "@angular/fire/compat/auth": {
      "src": "../../../../../node_modules/@angular/fire/fesm2022/angular-fire-compat-auth.mjs",
      "file": "@angular_fire_compat_auth.js",
      "fileHash": "f2ab2eeb",
      "needsInterop": false
    },
    "@angular/fire/compat/firestore": {
      "src": "../../../../../node_modules/@angular/fire/fesm2022/angular-fire-compat-firestore.mjs",
      "file": "@angular_fire_compat_firestore.js",
      "fileHash": "f5d5e57b",
      "needsInterop": false
    },
    "@angular/fire/compat/storage": {
      "src": "../../../../../node_modules/@angular/fire/fesm2022/angular-fire-compat-storage.mjs",
      "file": "@angular_fire_compat_storage.js",
      "fileHash": "5505e591",
      "needsInterop": false
    },
    "@angular/fire/firestore": {
      "src": "../../../../../node_modules/@angular/fire/fesm2022/angular-fire-firestore.mjs",
      "file": "@angular_fire_firestore.js",
      "fileHash": "accf41d4",
      "needsInterop": false
    },
    "@angular/fire/storage": {
      "src": "../../../../../node_modules/@angular/fire/fesm2022/angular-fire-storage.mjs",
      "file": "@angular_fire_storage.js",
      "fileHash": "157a952d",
      "needsInterop": false
    },
    "@angular/forms": {
      "src": "../../../../../node_modules/@angular/forms/fesm2022/forms.mjs",
      "file": "@angular_forms.js",
      "fileHash": "a5318be2",
      "needsInterop": false
    },
    "@angular/material/button": {
      "src": "../../../../../node_modules/@angular/material/fesm2022/button.mjs",
      "file": "@angular_material_button.js",
      "fileHash": "1635c98b",
      "needsInterop": false
    },
    "@angular/material/card": {
      "src": "../../../../../node_modules/@angular/material/fesm2022/card.mjs",
      "file": "@angular_material_card.js",
      "fileHash": "4e158e3e",
      "needsInterop": false
    },
    "@angular/material/form-field": {
      "src": "../../../../../node_modules/@angular/material/fesm2022/form-field.mjs",
      "file": "@angular_material_form-field.js",
      "fileHash": "b1986c3f",
      "needsInterop": false
    },
    "@angular/material/grid-list": {
      "src": "../../../../../node_modules/@angular/material/fesm2022/grid-list.mjs",
      "file": "@angular_material_grid-list.js",
      "fileHash": "1e8ec6cc",
      "needsInterop": false
    },
    "@angular/material/input": {
      "src": "../../../../../node_modules/@angular/material/fesm2022/input.mjs",
      "file": "@angular_material_input.js",
      "fileHash": "6c7c64c8",
      "needsInterop": false
    },
    "@angular/material/progress-spinner": {
      "src": "../../../../../node_modules/@angular/material/fesm2022/progress-spinner.mjs",
      "file": "@angular_material_progress-spinner.js",
      "fileHash": "733f4d30",
      "needsInterop": false
    },
    "@angular/material/toolbar": {
      "src": "../../../../../node_modules/@angular/material/fesm2022/toolbar.mjs",
      "file": "@angular_material_toolbar.js",
      "fileHash": "65332817",
      "needsInterop": false
    },
    "@angular/platform-browser": {
      "src": "../../../../../node_modules/@angular/platform-browser/fesm2022/platform-browser.mjs",
      "file": "@angular_platform-browser.js",
      "fileHash": "d2dda03f",
      "needsInterop": false
    },
    "@angular/platform-browser/animations/async": {
      "src": "../../../../../node_modules/@angular/platform-browser/fesm2022/animations/async.mjs",
      "file": "@angular_platform-browser_animations_async.js",
      "fileHash": "d4a88e5b",
      "needsInterop": false
    },
    "@angular/router": {
      "src": "../../../../../node_modules/@angular/router/fesm2022/router.mjs",
      "file": "@angular_router.js",
      "fileHash": "931ed1b2",
      "needsInterop": false
    }
  },
  "chunks": {
    "index.esm-HKVVTLGL": {
      "file": "index__esm-HKVVTLGL.js"
    },
    "browser-V2ENZM5W": {
      "file": "browser-V2ENZM5W.js"
    },
    "chunk-UWH3DL4E": {
      "file": "chunk-UWH3DL4E.js"
    },
    "chunk-CGWTYGP7": {
      "file": "chunk-CGWTYGP7.js"
    },
    "chunk-WHF3EPRZ": {
      "file": "chunk-WHF3EPRZ.js"
    },
    "chunk-S3WG6BLZ": {
      "file": "chunk-S3WG6BLZ.js"
    },
    "chunk-DNIWAEII": {
      "file": "chunk-DNIWAEII.js"
    },
    "chunk-Z5ICJUCL": {
      "file": "chunk-Z5ICJUCL.js"
    },
    "chunk-DY2BEBUR": {
      "file": "chunk-DY2BEBUR.js"
    },
    "chunk-FSLZPE4G": {
      "file": "chunk-FSLZPE4G.js"
    },
    "chunk-Q6SZW4WA": {
      "file": "chunk-Q6SZW4WA.js"
    },
    "chunk-DPCDX6LF": {
      "file": "chunk-DPCDX6LF.js"
    },
    "chunk-WL33QOM5": {
      "file": "chunk-WL33QOM5.js"
    },
    "chunk-6NJAOQ2I": {
      "file": "chunk-6NJAOQ2I.js"
    },
    "chunk-KE6TMBIG": {
      "file": "chunk-KE6TMBIG.js"
    },
    "chunk-QFB52TDO": {
      "file": "chunk-QFB52TDO.js"
    },
    "chunk-Q3HL3VXN": {
      "file": "chunk-Q3HL3VXN.js"
    },
    "chunk-APKX25FU": {
      "file": "chunk-APKX25FU.js"
    },
    "chunk-PKYOT43P": {
      "file": "chunk-PKYOT43P.js"
    },
    "chunk-VHXX53IH": {
      "file": "chunk-VHXX53IH.js"
    },
    "chunk-7VKTOJ56": {
      "file": "chunk-7VKTOJ56.js"
    },
    "chunk-XSVUB2TB": {
      "file": "chunk-XSVUB2TB.js"
    },
    "chunk-AR2SKMNP": {
      "file": "chunk-AR2SKMNP.js"
    }
  }
}